id,indicator_ticker,record_date,value,is_estimated
1204581,US_10Y,2026-08-25,4.64,f
1204580,US_10Y,2026-08-24,4.7,f
1204579,US_10Y,2026-08-21,4.74,f
1204536,US_10Y,2026-08-20,4.69,f
1204535,US_10Y,2026-08-19,4.65,f
1204534,US_10Y,2026-08-18,4.71,f
1204533,US_10Y,2026-08-17,4.72,f
1204513,US_10Y,2026-08-14,4.68,f
1204448,US_10Y,2026-08-13,4.63,f
1204447,US_10Y,2026-08-12,4.68,f
1204446,US_10Y,2026-08-11,4.7,f
1204445,US_10Y,2026-08-10,4.72,f
1204444,US_10Y,2026-08-07,4.65,f
1204443,US_10Y,2026-08-06,4.69,f
1204442,US_10Y,2026-08-05,4.63,f
1204441,US_10Y,2026-08-04,4.63,f
1204426,US_10Y,2026-08-03,4.7,f
1204402,US_10Y,2026-07-31,4.75,f
1204401,US_10Y,2026-07-30,4.68,f
1204400,US_10Y,2026-07-29,4.67,f
1204399,US_10Y,2026-07-28,4.61,f
1161851,US_10Y,2026-07-27,4.65,f
1161841,US_10Y,2026-07-24,4.69,f
1161794,US_10Y,2026-07-23,4.71,f
1161793,US_10Y,2026-07-22,4.67,f
1161792,US_10Y,2026-07-21,4.63,f
1161791,US_10Y,2026-07-20,4.6,f
1161790,US_10Y,2026-07-17,4.55,f
1086809,US_10Y,2026-07-16,4.57,f
1086808,US_10Y,2026-07-15,4.55,f
1086807,US_10Y,2026-07-14,4.58,f
1001610,US_10Y,2026-07-13,4.62,f
975729,US_10Y,2026-07-10,4.56,f
661912,US_10Y,2026-07-09,4.54,f
661911,US_10Y,2026-07-08,4.56,f
661910,US_10Y,2026-07-07,4.55,f
661909,US_10Y,2026-07-06,4.48,f
661908,US_10Y,2026-07-02,4.49,f
661907,US_10Y,2026-07-01,4.48,f
661906,US_10Y,2026-06-30,4.44,f
661905,US_10Y,2026-06-29,4.38,f
661904,US_10Y,2026-06-26,4.38,f
661903,US_10Y,2026-06-25,4.4,f
661902,US_10Y,2026-06-24,4.41,f
661901,US_10Y,2026-06-23,4.5,f
661900,US_10Y,2026-06-22,4.51,f
661899,US_10Y,2026-06-18,4.46,f
661898,US_10Y,2026-06-17,4.49,f
661897,US_10Y,2026-06-16,4.43,f
661896,US_10Y,2026-06-15,4.47,f
661895,US_10Y,2026-06-12,4.48,f
661894,US_10Y,2026-06-11,4.45,f
661893,US_10Y,2026-06-10,4.55,f
661892,US_10Y,2026-06-09,4.53,f
661891,US_10Y,2026-06-08,4.56,f
661890,US_10Y,2026-06-05,4.55,f
661889,US_10Y,2026-06-04,4.47,f
661888,US_10Y,2026-06-03,4.49,f
661887,US_10Y,2026-06-02,4.46,f
661886,US_10Y,2026-06-01,4.47,f
661885,US_10Y,2026-05-29,4.45,f
661884,US_10Y,2026-05-28,4.45,f
661883,US_10Y,2026-05-27,4.48,f
661882,US_10Y,2026-05-26,4.5,f
661881,US_10Y,2026-05-22,4.56,f
606313,US_10Y,2026-05-21,4.57,f
585822,US_10Y,2026-05-20,4.57,f
585821,US_10Y,2026-05-19,4.67,f
585820,US_10Y,2026-05-18,4.61,f
585819,US_10Y,2026-05-15,4.59,f
585818,US_10Y,2026-05-14,4.47,f
585817,US_10Y,2026-05-13,4.46,f
544813,US_10Y,2026-05-12,4.46,f
544812,US_10Y,2026-05-11,4.42,f
544811,US_10Y,2026-05-08,4.38,f
178160,US_10Y,2026-05-07,4.41,f
178159,US_10Y,2026-05-06,4.36,f
178158,US_10Y,2026-05-05,4.43,f
178157,US_10Y,2026-05-04,4.45,f
54314,US_10Y,2026-05-01,4.39,f
54313,US_10Y,2026-04-30,4.4,f
54312,US_10Y,2026-04-29,4.42,f
10392,US_10Y,2026-04-28,4.36,f
10391,US_10Y,2026-04-27,4.35,f
10390,US_10Y,2026-04-24,4.31,f
10389,US_10Y,2026-04-23,4.34,f
10388,US_10Y,2026-04-22,4.3,f
10387,US_10Y,2026-04-21,4.3,f
10386,US_10Y,2026-04-20,4.26,f
10385,US_10Y,2026-04-17,4.26,f
10384,US_10Y,2026-04-16,4.32,f
10383,US_10Y,2026-04-15,4.29,f
10382,US_10Y,2026-04-14,4.26,f
10381,US_10Y,2026-04-13,4.3,f
10380,US_10Y,2026-04-10,4.31,f
10379,US_10Y,2026-04-09,4.29,f
10378,US_10Y,2026-04-08,4.29,f
10377,US_10Y,2026-04-07,4.33,f
10376,US_10Y,2026-04-06,4.34,f
10375,US_10Y,2026-04-03,4.35,f
10374,US_10Y,2026-04-02,4.31,f
10373,US_10Y,2026-04-01,4.33,f
10372,US_10Y,2026-03-31,4.3,f
10371,US_10Y,2026-03-30,4.35,f
10370,US_10Y,2026-03-27,4.44,f
10369,US_10Y,2026-03-26,4.42,f
10368,US_10Y,2026-03-25,4.33,f
10367,US_10Y,2026-03-24,4.39,f
10366,US_10Y,2026-03-23,4.34,f
10365,US_10Y,2026-03-20,4.39,f
10364,US_10Y,2026-03-19,4.25,f
10363,US_10Y,2026-03-18,4.26,f
10362,US_10Y,2026-03-17,4.2,f
10361,US_10Y,2026-03-16,4.23,f
10360,US_10Y,2026-03-13,4.28,f
10359,US_10Y,2026-03-12,4.27,f
10358,US_10Y,2026-03-11,4.21,f
10357,US_10Y,2026-03-10,4.15,f
10356,US_10Y,2026-03-09,4.12,f
10355,US_10Y,2026-03-06,4.15,f
10354,US_10Y,2026-03-05,4.13,f
10353,US_10Y,2026-03-04,4.09,f
10352,US_10Y,2026-03-03,4.06,f
10351,US_10Y,2026-03-02,4.05,f
10350,US_10Y,2026-02-27,3.97,f
10349,US_10Y,2026-02-26,4.02,f
10348,US_10Y,2026-02-25,4.05,f
10347,US_10Y,2026-02-24,4.04,f
10346,US_10Y,2026-02-23,4.03,f
10345,US_10Y,2026-02-20,4.08,f
10344,US_10Y,2026-02-19,4.08,f
10343,US_10Y,2026-02-18,4.09,f
10342,US_10Y,2026-02-17,4.05,f
10341,US_10Y,2026-02-13,4.04,f
10340,US_10Y,2026-02-12,4.09,f
10339,US_10Y,2026-02-11,4.18,f
10338,US_10Y,2026-02-10,4.16,f
10337,US_10Y,2026-02-09,4.22,f
10336,US_10Y,2026-02-06,4.22,f
10335,US_10Y,2026-02-05,4.21,f
10334,US_10Y,2026-02-04,4.29,f
10333,US_10Y,2026-02-03,4.28,f
10332,US_10Y,2026-02-02,4.29,f
10331,US_10Y,2026-01-30,4.26,f
10330,US_10Y,2026-01-29,4.24,f
10329,US_10Y,2026-01-28,4.26,f
10328,US_10Y,2026-01-27,4.24,f
10327,US_10Y,2026-01-26,4.22,f
10326,US_10Y,2026-01-23,4.24,f
10325,US_10Y,2026-01-22,4.26,f
10324,US_10Y,2026-01-21,4.26,f
10323,US_10Y,2026-01-20,4.3,f
10322,US_10Y,2026-01-16,4.24,f
10321,US_10Y,2026-01-15,4.17,f
10320,US_10Y,2026-01-14,4.15,f
10319,US_10Y,2026-01-13,4.18,f
10318,US_10Y,2026-01-12,4.19,f
10317,US_10Y,2026-01-09,4.18,f
10316,US_10Y,2026-01-08,4.19,f
10315,US_10Y,2026-01-07,4.15,f
10314,US_10Y,2026-01-06,4.18,f
10313,US_10Y,2026-01-05,4.17,f
10312,US_10Y,2026-01-02,4.19,f
10311,US_10Y,2025-12-31,4.18,f
10310,US_10Y,2025-12-30,4.14,f
10309,US_10Y,2025-12-29,4.12,f
10308,US_10Y,2025-12-26,4.14,f
10307,US_10Y,2025-12-24,4.15,f
10306,US_10Y,2025-12-23,4.18,f
10305,US_10Y,2025-12-22,4.17,f
10304,US_10Y,2025-12-19,4.16,f
10303,US_10Y,2025-12-18,4.12,f
10302,US_10Y,2025-12-17,4.16,f
10301,US_10Y,2025-12-16,4.15,f
10300,US_10Y,2025-12-15,4.18,f
10299,US_10Y,2025-12-12,4.19,f
10298,US_10Y,2025-12-11,4.14,f
10297,US_10Y,2025-12-10,4.13,f
10296,US_10Y,2025-12-09,4.18,f
10295,US_10Y,2025-12-08,4.17,f
10294,US_10Y,2025-12-05,4.14,f
10293,US_10Y,2025-12-04,4.11,f
10292,US_10Y,2025-12-03,4.06,f
10291,US_10Y,2025-12-02,4.09,f
10290,US_10Y,2025-12-01,4.09,f
10289,US_10Y,2025-11-28,4.02,f
10288,US_10Y,2025-11-26,4.0,f
10287,US_10Y,2025-11-25,4.01,f
10286,US_10Y,2025-11-24,4.04,f
10285,US_10Y,2025-11-21,4.06,f
10284,US_10Y,2025-11-20,4.1,f
10283,US_10Y,2025-11-19,4.13,f
10282,US_10Y,2025-11-18,4.12,f
10281,US_10Y,2025-11-17,4.13,f
10280,US_10Y,2025-11-14,4.14,f
10279,US_10Y,2025-11-13,4.11,f
10278,US_10Y,2025-11-12,4.08,f
10277,US_10Y,2025-11-10,4.13,f
10276,US_10Y,2025-11-07,4.11,f
10275,US_10Y,2025-11-06,4.11,f
10274,US_10Y,2025-11-05,4.17,f
10273,US_10Y,2025-11-04,4.1,f
10272,US_10Y,2025-11-03,4.13,f
10271,US_10Y,2025-10-31,4.11,f
10270,US_10Y,2025-10-30,4.11,f
10269,US_10Y,2025-10-29,4.08,f
10268,US_10Y,2025-10-28,3.99,f
10267,US_10Y,2025-10-27,4.01,f
10266,US_10Y,2025-10-24,4.02,f
10265,US_10Y,2025-10-23,4.01,f
10264,US_10Y,2025-10-22,3.97,f
10263,US_10Y,2025-10-21,3.98,f
10262,US_10Y,2025-10-20,4.0,f
10261,US_10Y,2025-10-17,4.02,f
10260,US_10Y,2025-10-16,3.99,f
10259,US_10Y,2025-10-15,4.05,f
10258,US_10Y,2025-10-14,4.03,f
10257,US_10Y,2025-10-10,4.05,f
10256,US_10Y,2025-10-09,4.14,f
10255,US_10Y,2025-10-08,4.13,f
10254,US_10Y,2025-10-07,4.14,f
10253,US_10Y,2025-10-06,4.18,f
10252,US_10Y,2025-10-03,4.13,f
10251,US_10Y,2025-10-02,4.1,f
10250,US_10Y,2025-10-01,4.12,f
10249,US_10Y,2025-09-30,4.16,f
10248,US_10Y,2025-09-29,4.15,f
10247,US_10Y,2025-09-26,4.2,f
10246,US_10Y,2025-09-25,4.18,f
10245,US_10Y,2025-09-24,4.16,f
10244,US_10Y,2025-09-23,4.12,f
10243,US_10Y,2025-09-22,4.15,f
10242,US_10Y,2025-09-19,4.14,f
10241,US_10Y,2025-09-18,4.11,f
10240,US_10Y,2025-09-17,4.06,f
10239,US_10Y,2025-09-16,4.04,f
10238,US_10Y,2025-09-15,4.05,f
10237,US_10Y,2025-09-12,4.06,f
10236,US_10Y,2025-09-11,4.01,f
10235,US_10Y,2025-09-10,4.04,f
10234,US_10Y,2025-09-09,4.08,f
10233,US_10Y,2025-09-08,4.05,f
10232,US_10Y,2025-09-05,4.1,f
10231,US_10Y,2025-09-04,4.17,f
10230,US_10Y,2025-09-03,4.22,f
10229,US_10Y,2025-09-02,4.28,f
10228,US_10Y,2025-08-29,4.23,f
10227,US_10Y,2025-08-28,4.22,f
10226,US_10Y,2025-08-27,4.24,f
10225,US_10Y,2025-08-26,4.26,f
10224,US_10Y,2025-08-25,4.28,f
10223,US_10Y,2025-08-22,4.26,f
10222,US_10Y,2025-08-21,4.33,f
10221,US_10Y,2025-08-20,4.29,f
10220,US_10Y,2025-08-19,4.3,f
10219,US_10Y,2025-08-18,4.34,f
10218,US_10Y,2025-08-15,4.33,f
10217,US_10Y,2025-08-14,4.29,f
10216,US_10Y,2025-08-13,4.24,f
10215,US_10Y,2025-08-12,4.29,f
10214,US_10Y,2025-08-11,4.27,f
10213,US_10Y,2025-08-08,4.27,f
10212,US_10Y,2025-08-07,4.23,f
10211,US_10Y,2025-08-06,4.22,f
10210,US_10Y,2025-08-05,4.22,f
10209,US_10Y,2025-08-04,4.22,f
10208,US_10Y,2025-08-01,4.23,f
10207,US_10Y,2025-07-31,4.37,f
10206,US_10Y,2025-07-30,4.38,f
10205,US_10Y,2025-07-29,4.34,f
10204,US_10Y,2025-07-28,4.42,f
10203,US_10Y,2025-07-25,4.4,f
10202,US_10Y,2025-07-24,4.43,f
10201,US_10Y,2025-07-23,4.4,f
10200,US_10Y,2025-07-22,4.35,f
10199,US_10Y,2025-07-21,4.38,f
10198,US_10Y,2025-07-18,4.44,f
10197,US_10Y,2025-07-17,4.47,f
10196,US_10Y,2025-07-16,4.46,f
10195,US_10Y,2025-07-15,4.5,f
10194,US_10Y,2025-07-14,4.43,f
10193,US_10Y,2025-07-11,4.43,f
10192,US_10Y,2025-07-10,4.35,f
10191,US_10Y,2025-07-09,4.34,f
10190,US_10Y,2025-07-08,4.42,f
10189,US_10Y,2025-07-07,4.4,f
10188,US_10Y,2025-07-03,4.35,f
10187,US_10Y,2025-07-02,4.3,f
10186,US_10Y,2025-07-01,4.26,f
10185,US_10Y,2025-06-30,4.24,f
10184,US_10Y,2025-06-27,4.29,f
10183,US_10Y,2025-06-26,4.26,f
10182,US_10Y,2025-06-25,4.29,f
10181,US_10Y,2025-06-24,4.3,f
10180,US_10Y,2025-06-23,4.34,f
10179,US_10Y,2025-06-20,4.38,f
10178,US_10Y,2025-06-18,4.38,f
10177,US_10Y,2025-06-17,4.39,f
10176,US_10Y,2025-06-16,4.46,f
10175,US_10Y,2025-06-13,4.41,f
10174,US_10Y,2025-06-12,4.36,f
10173,US_10Y,2025-06-11,4.41,f
10172,US_10Y,2025-06-10,4.47,f
10171,US_10Y,2025-06-09,4.49,f
10170,US_10Y,2025-06-06,4.51,f
10169,US_10Y,2025-06-05,4.4,f
10168,US_10Y,2025-06-04,4.37,f
10167,US_10Y,2025-06-03,4.46,f
10166,US_10Y,2025-06-02,4.46,f
10165,US_10Y,2025-05-30,4.41,f
10164,US_10Y,2025-05-29,4.43,f
10163,US_10Y,2025-05-28,4.47,f
10162,US_10Y,2025-05-27,4.43,f
10161,US_10Y,2025-05-23,4.51,f
10160,US_10Y,2025-05-22,4.54,f
10159,US_10Y,2025-05-21,4.58,f
10158,US_10Y,2025-05-20,4.48,f
10157,US_10Y,2025-05-19,4.46,f
10156,US_10Y,2025-05-16,4.43,f
10155,US_10Y,2025-05-15,4.45,f
10154,US_10Y,2025-05-14,4.53,f
10153,US_10Y,2025-05-13,4.49,f
10152,US_10Y,2025-05-12,4.45,f
10151,US_10Y,2025-05-09,4.37,f
10150,US_10Y,2025-05-08,4.37,f
10149,US_10Y,2025-05-07,4.26,f
10148,US_10Y,2025-05-06,4.3,f
10147,US_10Y,2025-05-05,4.36,f
10146,US_10Y,2025-05-02,4.33,f
10145,US_10Y,2025-05-01,4.25,f
10144,US_10Y,2025-04-30,4.17,f
10143,US_10Y,2025-04-29,4.19,f
10142,US_10Y,2025-04-28,4.23,f
10141,US_10Y,2025-04-25,4.29,f
10140,US_10Y,2025-04-24,4.32,f
10139,US_10Y,2025-04-23,4.4,f
10138,US_10Y,2025-04-22,4.41,f
10137,US_10Y,2025-04-21,4.42,f
10136,US_10Y,2025-04-17,4.34,f
10135,US_10Y,2025-04-16,4.29,f
10134,US_10Y,2025-04-15,4.35,f
10133,US_10Y,2025-04-14,4.38,f
10132,US_10Y,2025-04-11,4.48,f
10131,US_10Y,2025-04-10,4.4,f
10130,US_10Y,2025-04-09,4.34,f
10129,US_10Y,2025-04-08,4.26,f
10128,US_10Y,2025-04-07,4.15,f
10127,US_10Y,2025-04-04,4.01,f
10126,US_10Y,2025-04-03,4.06,f
10125,US_10Y,2025-04-02,4.2,f
10124,US_10Y,2025-04-01,4.17,f
10123,US_10Y,2025-03-31,4.23,f
10122,US_10Y,2025-03-28,4.27,f
10121,US_10Y,2025-03-27,4.38,f
10120,US_10Y,2025-03-26,4.35,f
10119,US_10Y,2025-03-25,4.31,f
10118,US_10Y,2025-03-24,4.34,f
10117,US_10Y,2025-03-21,4.25,f
10116,US_10Y,2025-03-20,4.24,f
10115,US_10Y,2025-03-19,4.25,f
10114,US_10Y,2025-03-18,4.29,f
10113,US_10Y,2025-03-17,4.31,f
10112,US_10Y,2025-03-14,4.31,f
10111,US_10Y,2025-03-13,4.27,f
10110,US_10Y,2025-03-12,4.32,f
10109,US_10Y,2025-03-11,4.28,f
10108,US_10Y,2025-03-10,4.22,f
10107,US_10Y,2025-03-07,4.32,f
10106,US_10Y,2025-03-06,4.29,f
10105,US_10Y,2025-03-05,4.28,f
10104,US_10Y,2025-03-04,4.22,f
10103,US_10Y,2025-03-03,4.16,f
10102,US_10Y,2025-02-28,4.24,f
10101,US_10Y,2025-02-27,4.29,f
10100,US_10Y,2025-02-26,4.25,f
10099,US_10Y,2025-02-25,4.3,f
10098,US_10Y,2025-02-24,4.4,f
10097,US_10Y,2025-02-21,4.42,f
10096,US_10Y,2025-02-20,4.5,f
10095,US_10Y,2025-02-19,4.53,f
10094,US_10Y,2025-02-18,4.55,f
10093,US_10Y,2025-02-14,4.47,f
10092,US_10Y,2025-02-13,4.52,f
10091,US_10Y,2025-02-12,4.62,f
10090,US_10Y,2025-02-11,4.54,f
10089,US_10Y,2025-02-10,4.51,f
10088,US_10Y,2025-02-07,4.49,f
10087,US_10Y,2025-02-06,4.45,f
10086,US_10Y,2025-02-05,4.43,f
10085,US_10Y,2025-02-04,4.52,f
10084,US_10Y,2025-02-03,4.54,f
10083,US_10Y,2025-01-31,4.58,f
10082,US_10Y,2025-01-30,4.52,f
10081,US_10Y,2025-01-29,4.55,f
10080,US_10Y,2025-01-28,4.55,f
10079,US_10Y,2025-01-27,4.53,f
10078,US_10Y,2025-01-24,4.63,f
10077,US_10Y,2025-01-23,4.65,f
10076,US_10Y,2025-01-22,4.6,f
10075,US_10Y,2025-01-21,4.57,f
10074,US_10Y,2025-01-17,4.61,f
10073,US_10Y,2025-01-16,4.61,f
10072,US_10Y,2025-01-15,4.66,f
10071,US_10Y,2025-01-14,4.78,f
10070,US_10Y,2025-01-13,4.79,f
10069,US_10Y,2025-01-10,4.77,f
10068,US_10Y,2025-01-09,4.68,f
10067,US_10Y,2025-01-08,4.67,f
10066,US_10Y,2025-01-07,4.67,f
10065,US_10Y,2025-01-06,4.62,f
10064,US_10Y,2025-01-03,4.6,f
10063,US_10Y,2025-01-02,4.57,f
